rank,nome,instituicao,titulacao,linhas_pesquisa,pontuacao_PA,classificacao_PA,pontuacao_S,classificacao_S,pontuacao_C,classificacao_C,pontuacao_F,classificacao_F,pontuacao_media,PA_PA1,PA_PA2,PA_PA3,PA_PA4,S_S1,S_S2,S_S3,C_C1,C_C2,C_C3,C_C4,C_C5,F_F1,F_F2,F_F3,F_F4,N_N1,N_N2,classificacao_final,justificativa_classificacao,curriculo_lattes,arquivo_origem,timestamp
1,Nathália Gonsales da Rosa Garzon,"Universidade de São Paulo (USP). Faculdade de Filosofia, Ciências e Letras de Ribeirão Preto (FFCLRP)",Professora Doutora,"Bioprospecção de microrganismos; cultivo de diferentes sistemas de expressão (células de mamíferos, fungos filamentosos, bactérias e leveduras); produção, purificação e caracterização de enzimas homólogas e recombinantes; aplicações tecnológicas de enzimas.",8.333333333333334,ALTA,0.0,BAIXA,0.0,BAIXA,2.5,MODERADA,2.7083333333333335,True,True,False,True,False,False,False,False,False,False,False,False,False,True,False,False,False,False,CLIENTE BAIXA PRIORIDADE,"Cliente baixa prioridade: pontuação média 2.7, poucas categorias relevantes",,FAPESP_Nathália_Gonsales_da_Rosa_Garzon_20250907_130258.json,2025-09-23T14:18:35.762344
2,Taisa Magnani Dinamarco,"Universidade de São Paulo (USP). Faculdade de Filosofia, Ciências e Letras de Ribeirão Preto (FFCLRP)",Professora,"Bioprospecção de novas enzimas; clonagem, expressão e caracterização de proteínas recombinantes; sacarificação e hidrólise enzimática; aproveitamento de resíduos agroindustriais para produção de derivados químicos e biocombustíveis.",6.666666666666666,MODERADA,3.333333333333333,MODERADA,0.0,BAIXA,0.0,BAIXA,2.5,True,True,False,False,False,True,False,False,False,False,False,False,False,False,False,False,False,False,CLIENTE BAIXA PRIORIDADE,"Cliente baixa prioridade: pontuação média 2.5, poucas categorias relevantes",,FAPESP_Taisa_Magnani_Dinamarco_20250907_130258.json,2025-09-23T14:18:55.771688
3,Richard John Ward,"Universidade de São Paulo. Faculdade de Filosofia, Ciências e Letras de Ribeirão Preto (FFCLRP)",Professor Titular,Biofísica; Estrutura e Função de Proteínas; Evolução dirigida de proteínas; Desenho e engenharia de enzimas; Nanotecnologia e biotecnológica.,5.0,ALTA,3.333333333333333,MODERADA,0.0,BAIXA,0.0,BAIXA,2.083333333333333,True,False,False,True,False,True,False,False,False,False,False,False,False,False,False,False,False,False,CLIENTE BAIXA PRIORIDADE,"Cliente baixa prioridade: pontuação média 2.1, poucas categorias relevantes",,FAPESP_Richard_John_Ward_20250907_130258.json,2025-09-23T14:18:55.773726
4,Sérgio Akinobu Yoshioka,Universidade de São Paulo (USP). Instituto de Química de São Carlos (IQSC),Professor Doutor,Desenvolvimento de biomateriais e bioplásticos a partir de resíduos agroindustriais; modificações químicas e físicas de proteínas e polissacarídeos; extração e purificação de proteínas enzimáticas; biodegradação de materiais; caracterização físico-química de materiais; estudo da interação células-tr,5.0,ALTA,0.0,BAIXA,0.0,BAIXA,2.5,MODERADA,1.875,False,True,False,True,False,False,False,False,False,False,False,False,True,False,False,False,False,False,CLIENTE BAIXA PRIORIDADE,"Cliente baixa prioridade: pontuação média 1.9, poucas categorias relevantes",,FAPESP_Sérgio_Akinobu_Yoshioka_20250907_130258.json,2025-09-23T14:18:35.761848
5,Emanuel Carrilho,Universidade de São Paulo (USP). Instituto de Química de São Carlos (IQSC),Professor Titular,"Química, Separações Analíticas, ce, instrumentação, análises genéticas, seqüênciamento de dna e microchip.",1.6666666666666665,BAIXA,3.333333333333333,MODERADA,0.0,BAIXA,2.5,MODERADA,1.875,False,False,False,True,False,True,False,False,False,False,False,False,False,False,False,True,False,False,CLIENTE BAIXA PRIORIDADE,"Cliente baixa prioridade: pontuação média 1.9, poucas categorias relevantes",,FAPESP_Emanuel_Carrilho_20250907_130258.json,2025-09-23T14:19:55.794209
6,Tiana Kohlsdorf,"Universidade de São Paulo (USP). Faculdade de Filosofia, Ciências e Letras de Ribeirão Preto (FFCLRP)",Professor Titular,"Biologia Evolutiva; Evo-Devo e Eco-Evo-Devo; Evolução molecular, morfológica e fisiológica.",0.0,BAIXA,3.333333333333333,MODERADA,0.0,BAIXA,2.5,MODERADA,1.4583333333333333,False,False,False,False,True,False,False,False,False,False,False,False,False,False,True,False,False,False,CLIENTE BAIXA PRIORIDADE,"Cliente baixa prioridade: pontuação média 1.5, poucas categorias relevantes",,FAPESP_Tiana_Kohlsdorf_20250907_130258.json,2025-09-23T14:20:05.807175
7,Elza Tiemi Sakamoto Hojo,Universidade de São Paulo (USP). Faculdade de Medicina de Ribeirão Preto (FMRP),Professor Associado MS-5,"Genética, Mutagênese e instabilidade genômica, respostas celulares e sinalização molecular em células irradiadas ou expostas a drogas antitumorais e potenciais fármacos, influência do danos oxidativos e neurotóxicos na etiopatogenia da doença de Alzheimer e diabetes tipo 2.",0.0,BAIXA,3.333333333333333,BAIXA,2.0,MODERADA,0.0,BAIXA,1.3333333333333333,False,False,False,False,True,False,False,False,False,False,True,False,False,False,False,False,False,True,CLIENTE BAIXA PRIORIDADE,"Cliente baixa prioridade: pontuação média 1.3, poucas categorias relevantes",,FAPESP_Elza_Tiemi_Sakamoto_Hojo_20250907_130258.json,2025-09-23T14:19:45.790629
8,Frank Nelson Crespilho,Universidade de São Paulo (USP). Instituto de Química de São Carlos (IQSC),Livre-Docente,"Bioeletroquímica, energia sustentável, saúde, integração de sistemas biológicos a materiais eletroativos, desenvolvimento de biochips implantáveis, bio-baterias, Catálise Tridimensional, diagnóstico molecular.",5.0,ALTA,0.0,BAIXA,0.0,BAIXA,0.0,BAIXA,1.25,False,True,False,True,False,False,False,False,False,False,False,False,False,False,False,False,False,False,CLIENTE BAIXA PRIORIDADE,"Cliente baixa prioridade: pontuação média 1.2, poucas categorias relevantes",,FAPESP_Frank_Nelson_Crespilho_20250907_130258.json,2025-09-23T14:18:45.765151
9,André Luiz Meleiro Porto,Universidade de São Paulo (USP). Instituto de Química de São Carlos (IQSC),ref. ms3 - RDIDP,"Biocatálise e biotransformação de compostos orgânicos utilizando microrganismos nativos isolados do território nacional (microrganismos de origem marinha, fungos isolados de algas marinhas). Reações enzimáticas: óxido-redução, hidrólises, Baeyer-Villiger, oxidação de sulfetos, oxidação de nitrilas. ",5.0,ALTA,0.0,BAIXA,0.0,BAIXA,0.0,BAIXA,1.25,False,True,False,True,False,False,False,False,False,False,False,False,False,False,False,False,False,False,CLIENTE BAIXA PRIORIDADE,"Cliente baixa prioridade: pontuação média 1.2, poucas categorias relevantes",,FAPESP_André_Luiz_Meleiro_Porto_20250907_130258.json,2025-09-23T14:19:25.786707
10,Antonio Claudio Tedesco,"Universidade de São Paulo (USP). Faculdade de Filosofia, Ciências e Letras de Ribeirão Preto (FFCLRP)",Professor Titular,"Terapia Fotodinâmica, Fotobiologia e Engenharia Tecidual; Química e Farmácia, com ênfase em Fotoquímica, Fotobiologia e Fotomedicina.",0.0,BAIXA,0.0,BAIXA,0.0,BAIXA,5.0,MODERADA,1.25,False,False,False,False,False,False,False,False,False,False,False,False,True,False,False,True,False,True,CLIENTE BAIXA PRIORIDADE,"Cliente baixa prioridade: pontuação média 1.2, poucas categorias relevantes",,FAPESP_Antonio_Claudio_Tedesco_20250907_130258.json,2025-09-23T14:19:35.789912
11,Marcos Roberto de Vasconcelos Lanza,Universidade de São Paulo (USP). Instituto de Química de São Carlos (IQSC),Professor Associado nível 3 (MS 5.3),"Eletroquímica ambiental, eletroquímica aplicada, eletrocatalisadores, eletrodos de difusão gasosa, eletrogeração de peróxido de hidrogênio, tratamento eletroquímico de efluentes, reatores eletroquímicos, processos eletroquímicos oxidativos avançados (PEOA) associados ao tratamento de efluentes.",1.6666666666666665,BAIXA,0.0,BAIXA,2.0,MODERADA,0.0,BAIXA,0.9166666666666666,False,False,False,True,False,False,False,False,False,False,True,False,False,False,False,False,False,False,CLIENTE BAIXA PRIORIDADE,"Cliente baixa prioridade: pontuação média 0.9, poucas categorias relevantes",,FAPESP_Marcos_Roberto_de_Vasconcelos_Lanza_20250907_130258.json,2025-09-23T14:19:35.787612
12,Zilá Luz Paulino Simões,Universidade de São Paulo,Professor Assistente Doutor,Genética Animal; Biologia e Genética do Desenvolvimento de Abelhas; Análise genômica; Regulação da expressão gênica; Determinação do sexo; Castas; Comportamento; Reprodução.,0.0,BAIXA,3.333333333333333,MODERADA,0.0,BAIXA,0.0,BAIXA,0.8333333333333333,False,False,False,False,True,False,False,False,False,False,False,False,False,False,False,False,False,False,CLIENTE BAIXA PRIORIDADE,"Cliente baixa prioridade: pontuação média 0.8, poucas categorias relevantes",,FAPESP_Zilá_Luz_Paulino_Simões_20250907_130258.json,2025-09-23T14:19:05.778629
13,Laís Canniatti Brazaca,"Universidade de São Paulo (USP), Instituto de Química de São Carlos (IQSC)",Professora Doutora,"Desenvolvimento de biossensores (imunossensores, biossensores enzimáticos e baseados em ácidos nucléicos), construção de dispositivos microfluídicos e eletrodos, nanotecnologia.",3.333333333333333,MODERADA,0.0,BAIXA,0.0,BAIXA,0.0,BAIXA,0.8333333333333333,False,False,True,True,False,False,False,False,False,False,False,False,False,False,False,False,False,False,CLIENTE BAIXA PRIORIDADE,"Cliente baixa prioridade: pontuação média 0.8, poucas categorias relevantes",,FAPESP_Laís_Canniatti_Brazaca_20250907_130258.json,2025-09-23T14:19:35.788274
14,Sergio Antonio Spinola Machado,"Universidade de São Paulo (USP), Instituto de Química de São Carlos (IQSC)",Professor Associado 3,"Química, com ênfase em Eletroanalítica.",3.333333333333333,MODERADA,0.0,BAIXA,0.0,BAIXA,0.0,BAIXA,0.8333333333333333,False,False,True,True,False,False,False,False,False,False,False,False,False,False,False,False,False,False,CLIENTE BAIXA PRIORIDADE,"Cliente baixa prioridade: pontuação média 0.8, poucas categorias relevantes",,FAPESP_Sergio_Antonio_Spinola_Machado_20250907_130258.json,2025-09-23T14:19:25.785905
15,Fábio Santos do Nascimento,"Universidade de São Paulo, Campus de Ribeirão Preto",Professor Associado,Zoologia (ênfase em Comportamento Animal); Ecologia comportamental; Ecologia química; Insetos sociais; Evolução do comportamento social,0.0,BAIXA,3.333333333333333,MODERADA,0.0,BAIXA,0.0,BAIXA,0.8333333333333333,False,False,False,False,True,False,False,False,False,False,False,False,False,False,False,False,False,False,CLIENTE BAIXA PRIORIDADE,"Cliente baixa prioridade: pontuação média 0.8, poucas categorias relevantes",,FAPESP_Fábio_Santos_do_Nascimento_20250907_130258.json,2025-09-23T14:18:45.765955
16,Andrei Leitão,Universidade de São Paulo (USP). Instituto de Química de São Carlos (IQSC),Professor associado,"Descoberta de fármacos usando quimioinformática, química medicinal e ensaios celulares aplicados em câncer.",0.0,BAIXA,3.333333333333333,MODERADA,0.0,BAIXA,0.0,BAIXA,0.8333333333333333,False,False,False,False,True,False,False,False,False,False,False,False,False,False,False,False,False,False,CLIENTE BAIXA PRIORIDADE,"Cliente baixa prioridade: pontuação média 0.8, poucas categorias relevantes",,FAPESP_Andrei_Leitão_20250907_130258.json,2025-09-23T14:18:45.766356
17,Paulo Marcos Donate,"Universidade de São Paulo (USP). Faculdade de Filosofia, Ciências e Letras de Ribeirão Preto (FFCLRP)",Professor Associado,"Síntese orgânica, catálise, química de produtos naturais, síntese e estudos de diversos tipos de produtos com atividade biológica.",3.333333333333333,MODERADA,0.0,BAIXA,0.0,BAIXA,0.0,BAIXA,0.8333333333333333,False,True,False,False,False,False,False,False,False,False,False,False,False,False,False,False,False,False,CLIENTE BAIXA PRIORIDADE,"Cliente baixa prioridade: pontuação média 0.8, poucas categorias relevantes",,FAPESP_Paulo_Marcos_Donate_20250907_130258.json,2025-09-23T14:19:25.784288
18,Fernanda Canduri,Universidade de São Paulo (USP). Instituto de Química de São Carlos (IQSC),Professora Doutora,Bioquímica e Biologia Molecular; Biologia Estrutural; Estudo estrutural de proteínas,3.333333333333333,MODERADA,0.0,BAIXA,0.0,BAIXA,0.0,BAIXA,0.8333333333333333,True,False,False,False,False,False,False,False,False,False,False,False,False,False,False,False,False,False,CLIENTE BAIXA PRIORIDADE,"Cliente baixa prioridade: pontuação média 0.8, poucas categorias relevantes",,FAPESP_Fernanda_Canduri_20250907_130258.json,2025-09-23T14:19:55.796081
19,Júlio César Borges,Universidade de São Paulo (USP). Instituto de Química de São Carlos (IQSC),Professor Associado,"Expressão Heteróloga de Proteínas, Biologia Molecular, Biologia Estrutural, Biofísica de Proteínas, Chaperonas Moleculares (Hsp70, Hsp90); técnicas como Dicroísmo Circular, Fluorescência, Calorimetria e Ultracentrifugação Analítica.",3.333333333333333,MODERADA,0.0,BAIXA,0.0,BAIXA,0.0,BAIXA,0.8333333333333333,True,False,False,False,False,False,False,False,False,False,False,False,False,False,False,False,False,False,CLIENTE BAIXA PRIORIDADE,"Cliente baixa prioridade: pontuação média 0.8, poucas categorias relevantes",,FAPESP_Júlio_César_Borges_20250907_130258.json,2025-09-23T14:19:45.792072
20,María Sol Brassesco Annichini,"Universidade de São Paulo (USP). Faculdade de Filosofia, Ciências e Letras de Ribeirão Preto (FFCLRP)",Professora Associada MS5-1 (RDIDP),"Oncogenética, marcadores moleculares de neoplasias malignas da infância, alternativas terapêuticas, aplicações biotecnológicas para tratamento de lesões ósseas.",0.0,BAIXA,3.333333333333333,BAIXA,0.0,BAIXA,0.0,BAIXA,0.8333333333333333,False,False,False,False,True,False,False,False,False,False,False,False,False,False,False,False,False,True,CLIENTE BAIXA PRIORIDADE,"Cliente baixa prioridade: pontuação média 0.8, poucas categorias relevantes",,FAPESP_María_Sol_Brassesco_Annichini_20250907_130258.json,2025-09-23T14:19:45.791416
21,Maura Helena Manfrin,Universidade de São Paulo,Professora Associada,Genética evolutiva; variação geográfica e populações naturais; filogeografia; morfologia; expressão gênica na relação inseto-planta; zonas híbridas.  Modelos biológicos principais: espécies cactófilas de Drosophila (grupo repleta) da América do Sul.,0.0,BAIXA,3.333333333333333,MODERADA,0.0,BAIXA,0.0,BAIXA,0.8333333333333333,False,False,False,False,True,False,False,False,False,False,False,False,False,False,False,False,False,False,CLIENTE BAIXA PRIORIDADE,"Cliente baixa prioridade: pontuação média 0.8, poucas categorias relevantes",,FAPESP_Maura_Helena_Manfrin_20250907_130258.json,2025-09-23T14:20:25.813825
22,Adalgisa Rodrigues de Andrade,"Universidade de São Paulo (USP), Faculdade de Filosofia, Ciências e Letras de Ribeirão Preto (FFCLRP)",Professora Titular,"Eletroquímica Ambiental, produção de energia com células a combustível e biocélulas a combustível enzimáticas e microbiológicas.",3.333333333333333,MODERADA,0.0,BAIXA,0.0,BAIXA,0.0,BAIXA,0.8333333333333333,False,True,False,False,False,False,False,False,False,False,False,False,False,False,False,False,False,False,CLIENTE BAIXA PRIORIDADE,"Cliente baixa prioridade: pontuação média 0.8, poucas categorias relevantes",,FAPESP_Adalgisa_Rodrigues_de_Andrade_20250907_130258.json,2025-09-23T14:19:25.785415
23,Ademilson Panunto Castelo,"Universidade de São Paulo (USP), Faculdade de Filosofia, Ciências e Letras de Ribeirão Preto (FFCLRP)",Professor Associado,"Imunologia, Imunoquímica, Glicobiologia, Imunoterapia na infecção por Paracoccidioides brasiliensis.",3.333333333333333,MODERADA,0.0,BAIXA,0.0,BAIXA,0.0,BAIXA,0.8333333333333333,False,False,True,True,False,False,False,False,False,False,False,False,False,False,False,False,False,False,CLIENTE BAIXA PRIORIDADE,"Cliente baixa prioridade: pontuação média 0.8, poucas categorias relevantes",,FAPESP_Ademilson_Panunto_Castelo_20250907_130258.json,2025-09-23T14:20:05.806930
24,Marcia Maria Gentile Bitondi,"Universidade de São Paulo (USP). Faculdade de Filosofia, Ciências e Letras de Ribeirão Preto (FFCLRP)",Professor Assistente-Doutor,"Biologia do Desenvolvimento de Abelhas, genética e fisiologia endócrina da metamorfose e reprodução.",0.0,BAIXA,3.333333333333333,MODERADA,0.0,BAIXA,0.0,BAIXA,0.8333333333333333,False,False,False,False,True,False,False,False,False,False,False,False,False,False,False,False,False,False,CLIENTE BAIXA PRIORIDADE,"Cliente baixa prioridade: pontuação média 0.8, poucas categorias relevantes",,FAPESP_Marcia_Maria_Gentile_Bitondi_20250907_130258.json,2025-09-23T14:20:15.808718
25,Ana Maria de Guzzi Plepis,Universidade de São Paulo,Professor Doutor,"Engenharia Biomédica, com ênfase em Biomateriais; colágeno, quitosana, colageno, hidróxiapatita e reologia.",0.0,BAIXA,0.0,BAIXA,0.0,BAIXA,2.5,MODERADA,0.625,False,False,False,False,False,False,False,False,False,False,False,False,False,False,False,True,False,False,CLIENTE BAIXA PRIORIDADE,"Cliente baixa prioridade: pontuação média 0.6, poucas categorias relevantes",,FAPESP_Ana_Maria_de_Guzzi_Plepis_20250907_130258.json,2025-09-23T14:20:05.805489
26,Daniel Junqueira Dorta,"Universidade de São Paulo (USP). Faculdade de Filosofia, Ciências e Letras de Ribeirão Preto (FFCLRP)",Professor Titular,"Toxicologia Bioquímica, mitocôndria, morte celular, apoptose, autofagia, cultura de células e contaminantes emergentes.",0.0,BAIXA,0.0,BAIXA,0.0,BAIXA,2.5,MODERADA,0.625,False,False,False,False,False,False,False,False,False,False,False,False,True,False,False,False,False,False,CLIENTE BAIXA PRIORIDADE,"Cliente baixa prioridade: pontuação média 0.6, poucas categorias relevantes",,FAPESP_Daniel_Junqueira_Dorta_20250907_130258.json,2025-09-23T14:18:55.773138
27,Ana Paula Ramos,"Universidade de São Paulo (USP). Faculdade de Filosofia, Ciências e Letras de Ribeirão Preto (FFCLRP)",Professora Associada,"Formação e caracterização superficial de sistemas coloidais, nanopartículas e filmes finos; formação de matrizes biomiméticas contendo biominerais, aplicações em sistemas osteoindutores.",0.0,BAIXA,0.0,BAIXA,0.0,BAIXA,2.5,MODERADA,0.625,False,False,False,False,False,False,False,False,False,False,False,False,False,False,False,True,True,False,CLIENTE BAIXA PRIORIDADE,"Cliente baixa prioridade: pontuação média 0.6, poucas categorias relevantes",,FAPESP_Ana_Paula_Ramos_20250907_130258.json,2025-09-23T14:19:15.782084
28,Bianca Chieregato Maniglia,"Universidade de São Paulo (USP), Instituto de Química de São Carlos (IQSC)",Professora Doutora,"Polímeros naturais, biomateriais, impressão 3D, modificação de amido, scaffolds ósseos.",0.0,BAIXA,0.0,BAIXA,0.0,BAIXA,2.5,MODERADA,0.625,False,False,False,False,False,False,False,False,False,False,False,False,False,False,False,True,False,False,CLIENTE BAIXA PRIORIDADE,"Cliente baixa prioridade: pontuação média 0.6, poucas categorias relevantes",,FAPESP_Bianca_Chieregato_Maniglia_20250907_130258.json,2025-09-23T14:19:05.779146
29,Marcelo Tadeu Motokane,"Universidade de São Paulo (USP). Faculdade de Filosofia, Ciências e Letras de Ribeirão Preto (FFCLRP)",Professor Associado,Argumentação no ensino de ciências e biologia; Linguagem e ensino de ciências; Educação ambiental; Formação de professores de ciências e biologia.,0.0,BAIXA,0.0,BAIXA,2.0,MODERADA,0.0,BAIXA,0.5,False,False,False,False,False,False,False,False,False,False,True,False,False,False,False,False,False,False,CLIENTE BAIXA PRIORIDADE,"Cliente baixa prioridade: pontuação média 0.5, poucas categorias relevantes",,FAPESP_Marcelo_Tadeu_Motokane_20250907_130258.json,2025-09-23T14:20:15.809021
30,Lilian Al-chueyr Pereira Martins,"Universidade de São Paulo (USP), Faculdade de Filosofia, Ciências e Letras de Ribeirão Preto (FFCLRP)",Professora Associada,"História das Ciências da Vida, História da Genética e Evolução, Filosofia da Biologia, aplicações da História e Filosofia da Biologia ao Ensino de Ciências.",0.0,BAIXA,0.0,BAIXA,2.0,MODERADA,0.0,BAIXA,0.5,False,False,False,False,False,False,False,False,False,False,True,False,False,False,False,False,False,False,CLIENTE BAIXA PRIORIDADE,"Cliente baixa prioridade: pontuação média 0.5, poucas categorias relevantes",,FAPESP_Lilian_Al-chueyr_Pereira_Martins_20250907_130258.json,2025-09-23T14:20:15.810170
31,Márcia Andreia Mesquita Silva da Veiga,"Universidade de São Paulo (USP). Faculdade de Filosofia, Ciências e Letras de Ribeirão Preto (FFCLRP)",Professora Associada,"Técnicas espectroanalíticas para determinação isotópica e elementar; procedimentos de preparação de amostras; detecção e quantificação de nanomateriais e suas implicações toxicológicas; ensaios de bioacessibilidade (gástrica, pulmonar e dérmica) em alimentos e solos; análise e detecção de microtraço",0.0,BAIXA,0.0,BAIXA,2.0,MODERADA,0.0,BAIXA,0.5,False,False,False,False,False,False,False,False,False,False,True,False,False,False,False,False,False,False,CLIENTE BAIXA PRIORIDADE,"Cliente baixa prioridade: pontuação média 0.5, poucas categorias relevantes",,FAPESP_Márcia_Andreia_Mesquita_Silva_da_Veiga_20250907_130258.json,2025-09-23T14:20:15.811006
32,Salete Linhares Queiroz,"Universidade de São Paulo (USP), Instituto de Química de São Carlos (IQSC)",Professora Livre-Docente,Educação em Química; Linguagem e cognição; Tecnologias digitais de informação e comunicação; Estado da arte no ensino de química.,0.0,BAIXA,0.0,BAIXA,2.0,BAIXA,0.0,BAIXA,0.5,False,False,False,False,False,False,False,False,False,False,True,False,False,False,False,False,True,False,CLIENTE BAIXA PRIORIDADE,"Cliente baixa prioridade: pontuação média 0.5, poucas categorias relevantes",,FAPESP_Salete_Linhares_Queiroz_20250907_130258.json,2025-09-23T14:19:35.789496
33,Maria Lúcia Arruda de Moura Campos,Universidade de São Paulo - Ribeirão Preto,Professora Associada,"Oceanografia Química, Química Analítica, Química da Atmosfera, Educação em Química, Química da atmosfera de região canavieira impactada pela queima de biomassa, políticas públicas para setores de transporte e agrícola.",0.0,BAIXA,0.0,BAIXA,2.0,MODERADA,0.0,BAIXA,0.5,False,False,False,False,False,False,False,False,False,False,True,False,False,False,False,False,False,False,CLIENTE BAIXA PRIORIDADE,"Cliente baixa prioridade: pontuação média 0.5, poucas categorias relevantes",,FAPESP_Maria_Lúcia_Arruda_de_Moura_Campos_20250907_130258.json,2025-09-23T14:19:35.788017
34,Maria Olímpia de Oliveira Rezende,"Universidade de São Paulo, Instituto de Química de São Carlos",Professora Associada,"Química ambiental, ciclagem da matéria orgânica, vermicompostagem, tratamento de efluentes, avaliação de bioerbicidas, química das substâncias húmicas, reaproveitamento de resíduos agroindustriais, ensino de química.",0.0,BAIXA,0.0,BAIXA,2.0,MODERADA,0.0,BAIXA,0.5,False,False,False,False,False,False,False,False,False,False,True,False,False,False,False,False,False,False,CLIENTE BAIXA PRIORIDADE,"Cliente baixa prioridade: pontuação média 0.5, poucas categorias relevantes",,FAPESP_Maria_Olímpia_de_Oliveira_Rezende_20250907_130258.json,2025-09-23T14:19:35.788451
35,Miguel Joaquim Dabdoub Paz,"Universidade de São Paulo, Campus de Ribeirão Preto",Professor Associado e Pesquisador,"Biodiesel, bioquerosene e bioJet fuel; teluretos vinílicos; transmetalação; transesterificação; teluroacetilenos e telurobutadienos; combustíveis e biocombustíveis; tecnologia e conseqüências dos seus usos.",0.0,BAIXA,0.0,BAIXA,2.0,BAIXA,0.0,BAIXA,0.5,False,False,False,False,False,False,False,False,False,False,True,False,False,False,False,False,True,False,CLIENTE BAIXA PRIORIDADE,"Cliente baixa prioridade: pontuação média 0.5, poucas categorias relevantes",,FAPESP_Miguel_Joaquim_Dabdoub_Paz_20250907_130258.json,2025-09-23T14:19:55.795875
36,Glaucia Maria da Silva Degrève,"Universidade de São Paulo (USP). Faculdade de Filosofia, Ciências e Letras de Ribeirão Preto (FFCLRP)",Professora Doutora,"Ensino de química, história da química, formação de professores, relações étnico-raciais e de gênero.",0.0,BAIXA,0.0,BAIXA,2.0,MODERADA,0.0,BAIXA,0.5,False,False,False,False,False,False,False,False,False,False,True,False,False,False,False,False,False,False,CLIENTE BAIXA PRIORIDADE,"Cliente baixa prioridade: pontuação média 0.5, poucas categorias relevantes",,FAPESP_Glaucia_Maria_da_Silva_Degrève_20250907_130258.json,2025-09-23T14:20:05.806232
37,Joana de Jesus de Andrade,"Universidade de São Paulo (USP). Faculdade de Filosofia, Ciências e Letras de Ribeirão Preto (FFCLRP)",Professora Associada,Ensino de ciências (epistemologia) e desenvolvimento humano (neuropsicologia).,0.0,BAIXA,0.0,BAIXA,2.0,MODERADA,0.0,BAIXA,0.5,False,False,False,False,False,False,False,False,False,False,True,False,False,False,False,False,False,True,CLIENTE BAIXA PRIORIDADE,"Cliente baixa prioridade: pontuação média 0.5, poucas categorias relevantes",,FAPESP_Joana_de_Jesus_de_Andrade_20250907_130258.json,2025-09-23T14:18:55.772551
38,Sergio Emanuel Galembeck,"Universidade de São Paulo (USP), Faculdade de Filosofia, Ciências e Letras de Ribeirão Preto (FFCLRP)",Professor Doutor 2,"Química quântica molecular e ligação química; Ligações de hidrogênio; Interações entre anéis aromáticos (""stacking""); Ligações intermoleculares; Aromaticidade; Química quântica computacional para o ensino universitário.",0.0,BAIXA,0.0,BAIXA,2.0,MODERADA,0.0,BAIXA,0.5,False,False,False,False,False,False,False,False,False,False,True,False,False,False,False,False,False,False,CLIENTE BAIXA PRIORIDADE,"Cliente baixa prioridade: pontuação média 0.5, poucas categorias relevantes",,FAPESP_Sergio_Emanuel_Galembeck_20250907_130258.json,2025-09-23T14:19:15.780849
39,Yassuko Iamamoto,Universidade de São Paulo,Professor Titular Colaborador Sênior,Química Bio-Inorgânica; Porfirinas; Metaloporfirinas (MeP); MeP imobilizados em sílicas mesoporosas; Catálise biomimética; Metabolismo oxidativo de fármacos; Substâncias bioativas; Pesticidas; Pedagogia universitária.,0.0,BAIXA,0.0,BAIXA,2.0,BAIXA,0.0,BAIXA,0.5,False,False,False,False,False,False,False,False,False,False,True,False,False,False,False,False,True,False,CLIENTE BAIXA PRIORIDADE,"Cliente baixa prioridade: pontuação média 0.5, poucas categorias relevantes",,FAPESP_Yassuko_Iamamoto_20250907_130258.json,2025-09-23T14:18:55.772323
40,Ana Cláudia Kasseboehmer,Universidade de São Paulo (USP). Instituto de Química de São Carlos (IQSC),Docente Associada-1,"Divulgação Científica, Abordagem investigativa no Ensino de Ciências e Formação inicial e continuada de professores.",0.0,BAIXA,0.0,BAIXA,2.0,MODERADA,0.0,BAIXA,0.5,False,False,False,False,False,False,False,False,False,False,True,False,False,False,False,False,False,True,CLIENTE BAIXA PRIORIDADE,"Cliente baixa prioridade: pontuação média 0.5, poucas categorias relevantes",,FAPESP_Ana_Cláudia_Kasseboehmer_20250907_130258.json,2025-09-23T14:19:25.784922
41,Fernando Mauro Lanças,Universidade de São Paulo (USP). Instituto de Química de São Carlos (IQSC),Professor Titular,"Técnicas de preparo de amostras, separação cromatográfica, acoplamento com espectrometria de massas, desenvolvimento de novos materiais para técnicas de separação, acoplamento on-line entre técnicas de preparo de amostras, cromatografia e espectrometria de massas.",1.6666666666666665,BAIXA,0.0,BAIXA,0.0,BAIXA,0.0,BAIXA,0.41666666666666663,False,False,False,True,False,False,False,False,False,False,False,False,False,False,False,False,False,False,CLIENTE BAIXA PRIORIDADE,"Cliente baixa prioridade: pontuação média 0.4, poucas categorias relevantes",,FAPESP_Fernando_Mauro_Lanças_20250907_130258.json,2025-09-23T14:19:05.777179
42,Hamilton Brandão Varela de Albuquerque,Universidade de São Paulo (USP) - Instituto de Química de São Carlos (IQSC),Professor Doutor,"Gestão de Qualidade em Laboratórios, ISO/IEC 17025, BPL, Validação de métodos, Estimativa de incerteza, Cartas de Controle, Produção de Materiais de Referência, Ensaios de Proficiência, Acreditação de processos de amostragem na área ambiental, Cromatografia, Técnicas de Preparo de Amostras.",1.6666666666666665,BAIXA,0.0,BAIXA,0.0,BAIXA,0.0,BAIXA,0.41666666666666663,False,False,False,True,False,False,False,False,False,False,False,False,False,False,False,False,False,False,CLIENTE BAIXA PRIORIDADE,"Cliente baixa prioridade: pontuação média 0.4, poucas categorias relevantes",,FAPESP_Hamilton_Brandão_Varela_de_Albuquerque_20250907_130258.json,2025-09-23T14:19:15.781068
43,Daniel Rodrigues Cardoso,Universidade de São Paulo (USP). Instituto de Química de São Carlos (IQSC),Professor Associado,"Química de Alimentos, Fotoquímica e Química Inorgânica; metabolômica por RMN, métodos de separação, química redox, e técnicas espectroscopicas tais como laser flash photolysis, EPR, espectrometria de massas, RAMAN, e stopped-flow.",1.6666666666666665,BAIXA,0.0,BAIXA,0.0,BAIXA,0.0,BAIXA,0.41666666666666663,False,False,False,True,False,False,False,False,False,False,False,False,False,False,False,False,True,False,CLIENTE BAIXA PRIORIDADE,"Cliente baixa prioridade: pontuação média 0.4, poucas categorias relevantes",,FAPESP_Daniel_Rodrigues_Cardoso_20250907_130258.json,2025-09-23T14:19:05.778207
44,Maria Eugenia Queiroz Nassur,"Universidade de São Paulo (USP). Faculdade de Filosofia, Ciências e Letras de Ribeirão Preto (FFCLRP)",Professor Associado,Padronização de Métodos Cromatográficos para Análise de Fármacos em Fluidos Biológicos; Técnicas Miniaturizadas de Preparo de Amostras; Desenvolvimento de Fases Extratoras; Automação de Sistemas Analíticos; Validação Analítica.,1.6666666666666665,BAIXA,0.0,BAIXA,0.0,BAIXA,0.0,BAIXA,0.41666666666666663,False,False,False,True,False,False,False,False,False,False,False,False,False,False,False,False,False,False,CLIENTE BAIXA PRIORIDADE,"Cliente baixa prioridade: pontuação média 0.4, poucas categorias relevantes",,FAPESP_Maria_Eugenia_Queiroz_Nassur_20250907_130258.json,2025-09-23T14:19:15.781401
45,Elisabete Frollini,Universidade de São Paulo (USP). Instituto de Química de São Carlos (IQSC),Professor Associado 3,Síntese e aplicações de derivados de celulose e outros polímeros naturais; Compósitos de matriz polimérica reforçados com fibras lignocelulósicas; Utilização de matéria-prima de fontes renováveis na preparação de polímeros; Eletrofiação (electrospinning).,1.6666666666666665,BAIXA,0.0,BAIXA,0.0,BAIXA,0.0,BAIXA,0.41666666666666663,False,False,False,True,False,False,False,False,False,False,False,False,False,False,False,False,True,True,CLIENTE INADEQUADO,Cliente inadequado: sem uso de proteínas recombinantes e área não correlata à biotecnologia,,FAPESP_Elisabete_Frollini_20250907_130258.json,2025-09-23T14:18:35.762688
46,Pietro Ciancaglini,"Universidade de São Paulo (USP). Faculdade de Filosofia, Ciências e Letras de Ribeirão Preto (FFCLRP)",Professor Titular,"Obtenção, solubilização, isolamento/purificação e reconstituição de proteínas de membrana em sistemas lipossomais; Investigação do papel das vesículas extracelulares (VEs) na iniciação, propagação, regeneração e modelagem da mineralização biológica.",1.6666666666666665,BAIXA,0.0,BAIXA,0.0,BAIXA,0.0,BAIXA,0.41666666666666663,False,False,False,True,False,False,False,False,False,False,False,False,False,False,False,False,False,False,CLIENTE BAIXA PRIORIDADE,"Cliente baixa prioridade: pontuação média 0.4, poucas categorias relevantes",,FAPESP_Pietro_Ciancaglini_20250907_130258.json,2025-09-23T14:18:35.762963
47,Artur de Jesus Motheo,"Universidade de São Paulo (USP), Instituto de Química de São Carlos (IQSC)",Professor Titular,"Eletroquímica, tratamento de água, degradação de poluentes.",1.6666666666666665,BAIXA,0.0,BAIXA,0.0,BAIXA,0.0,BAIXA,0.41666666666666663,False,False,False,True,False,False,False,False,False,False,False,False,False,False,False,False,False,False,CLIENTE BAIXA PRIORIDADE,"Cliente baixa prioridade: pontuação média 0.4, poucas categorias relevantes",,FAPESP_Artur_de_Jesus_Motheo_20250907_130258.json,2025-09-23T14:19:05.779377
48,Milton Groppo Junior,"Faculdade de Filosofia, Ciências e Letras de Ribeirão Preto (FFCLRP-USP)",Professor Titular,"Sistemática de Espermatófitas; taxonomia, filogenia e florística; Rutaceae e Aquifoliaceae.",1.6666666666666665,BAIXA,0.0,BAIXA,0.0,BAIXA,0.0,BAIXA,0.41666666666666663,False,False,False,True,False,False,False,False,False,False,False,False,False,False,False,False,False,False,CLIENTE BAIXA PRIORIDADE,"Cliente baixa prioridade: pontuação média 0.4, poucas categorias relevantes",,FAPESP_Milton_Groppo_Junior_20250907_130258.json,2025-09-23T14:18:45.768215
49,Igor Renato Bertoni Olivares,Universidade de São Paulo (USP). Instituto de Química de São Carlos (IQSC),Professor Doutor,"Gestão de Qualidade em Laboratórios, ISO/IEC 17025, BPL, Validação de métodos, Estimativa de incerteza, Cartas de Controle, Produção de Materiais de Referência, Ensaios de Proficiência, Acreditação de processos de amostragem na área ambiental, Cromatografia, Técnicas de Preparo de Amostras.",1.6666666666666665,BAIXA,0.0,BAIXA,0.0,BAIXA,0.0,BAIXA,0.41666666666666663,False,False,False,True,False,False,False,False,False,False,False,False,False,False,False,False,False,False,CLIENTE BAIXA PRIORIDADE,"Cliente baixa prioridade: pontuação média 0.4, poucas categorias relevantes",,FAPESP_Igor_Renato_Bertoni_Olivares_20250907_130258.json,2025-09-23T14:18:35.763204
50,Janete Harumi Yariwake,Universidade de São Paulo (USP). Instituto de Química de São Carlos (IQSC),Professor Titular (MS-6),"Química de Produtos Naturais (Análise Fitoquímica), cromatografia líquida, preparo de amostras, flavonóides, alcalóides, plantas medicinais, plantas alimentícias, pesticidas e contaminantes orgânicos ambientais.",1.6666666666666665,BAIXA,0.0,BAIXA,0.0,BAIXA,0.0,BAIXA,0.41666666666666663,False,False,False,True,False,False,False,False,False,False,False,False,False,False,False,False,False,False,CLIENTE BAIXA PRIORIDADE,"Cliente baixa prioridade: pontuação média 0.4, poucas categorias relevantes",,FAPESP_Janete_Harumi_Yariwake_20250907_130258.json,2025-09-23T14:18:35.763533
51,Anderson Rodrigo Moraes de Oliveira,"Universidade de São Paulo (USP). Faculdade de Filosofia, Ciências e Letras de Ribeirão Preto (FFCLRP)",Professor Associado 1,"Química Analítica, separação estereosseletiva de praguicidas, fármacos e metabólitos por cromatografia líquida de alta eficiência (HPLC) e eletroforese capilar, validação de métodos analíticos, desenvolvimento de técnicas miniaturizadas de preparo de amostras e estudos de metabolismo in vitro. Desen",1.6666666666666665,BAIXA,0.0,BAIXA,0.0,BAIXA,0.0,BAIXA,0.41666666666666663,False,False,False,True,False,False,False,False,False,False,False,False,False,False,False,False,False,False,CLIENTE BAIXA PRIORIDADE,"Cliente baixa prioridade: pontuação média 0.4, poucas categorias relevantes",,FAPESP_Anderson_Rodrigo_Moraes_de_Oliveira_20250907_130258.json,2025-09-23T14:18:35.761300
52,Marcelo Firmino de Oliveira,"Universidade de São Paulo (USP), Faculdade de Filosofia, Ciências e Letras de Ribeirão Preto (FFCLRP)",Docente,Química Forense; Eletrodos quimicamente modificados; Empreendedorismo em química; Eletroanalítica.,1.6666666666666665,BAIXA,0.0,BAIXA,0.0,BAIXA,0.0,BAIXA,0.41666666666666663,False,False,False,True,False,False,False,False,False,False,False,False,False,False,False,False,False,False,CLIENTE BAIXA PRIORIDADE,"Cliente baixa prioridade: pontuação média 0.4, poucas categorias relevantes",,FAPESP_Marcelo_Firmino_de_Oliveira_20250907_130258.json,2025-09-23T14:18:35.761637
53,Stanislau Bogusz Junior,Universidade de São Paulo (USP). Instituto de Química de São Carlos (IQSC),Professor,"Desenvolvimento de métodos analíticos para questões relacionadas ao sabor, qualidade e aspectos de saúde dos componentes dos alimentos; síntese e caracterização físico-química de solventes eutéticos profundos naturais (NADES) para extração de compostos bioativos de resíduos agroindustriais.",1.6666666666666665,BAIXA,0.0,BAIXA,0.0,BAIXA,0.0,BAIXA,0.41666666666666663,False,False,False,True,False,False,False,False,False,False,False,False,False,False,False,False,False,False,CLIENTE BAIXA PRIORIDADE,"Cliente baixa prioridade: pontuação média 0.4, poucas categorias relevantes",,FAPESP_Stanislau_Bogusz_Junior_20250907_130258.json,2025-09-23T14:20:15.811238
54,Álvaro José dos Santos Neto,Universidade de São Paulo,Professor Associado 2,"Ciências da Separação; Desenvolvimento e Utilização de Estratégias Modernas para o Preparo e Análise de Amostras Ambientais, Biológicas, Farmacêuticas, e de Alimentos; Técnicas Modernas de Preparo de Amostras; Cromatografia-Espectrometria de Massas; Cromatografia Líquida Miniaturizada; Análise de Fá",1.6666666666666665,BAIXA,0.0,BAIXA,0.0,BAIXA,0.0,BAIXA,0.41666666666666663,False,False,False,True,False,False,False,False,False,False,False,False,False,False,False,False,False,False,CLIENTE BAIXA PRIORIDADE,"Cliente baixa prioridade: pontuação média 0.4, poucas categorias relevantes",,FAPESP_Álvaro_José_dos_Santos_Neto_20250907_130258.json,2025-09-23T14:19:55.795449
55,Ricardo Vessecchi Lourenço,"Universidade de São Paulo. Faculdade de Filosofia, Ciências e Letras de Ribeirão Preto (FFCLRP)",Professor Doutor em RDIDP,Termoquímica computacional; Reatividade e mecanismo de fragmentação de moléculas orgânicas em fase gasosa; Espectrometria de massas; Aplicação da química computacional em processos químicos relacionados à espectrometria de massas e interpretação de métodos espectroscópicos.,1.6666666666666665,BAIXA,0.0,BAIXA,0.0,BAIXA,0.0,BAIXA,0.41666666666666663,False,False,False,True,False,False,False,False,False,False,False,False,False,False,False,False,False,False,CLIENTE BAIXA PRIORIDADE,"Cliente baixa prioridade: pontuação média 0.4, poucas categorias relevantes",,FAPESP_Ricardo_Vessecchi_Lourenço_20250907_130258.json,2025-09-23T14:20:05.806646
56,Antonio Eduardo Miller Crotti,"Universidade de São Paulo (USP). Faculdade de Filosofia, Ciências e Letras de Ribeirão Preto (FFCLRP)",Livre-Docente,"Espectrometria de Massas, Química de Produtos Naturais e Química Orgânica.",1.6666666666666665,BAIXA,0.0,BAIXA,0.0,BAIXA,0.0,BAIXA,0.41666666666666663,False,False,False,True,False,False,False,False,False,False,False,False,False,False,False,False,False,False,CLIENTE BAIXA PRIORIDADE,"Cliente baixa prioridade: pontuação média 0.4, poucas categorias relevantes",,FAPESP_Antonio_Eduardo_Miller_Crotti_20250907_130258.json,2025-09-23T14:20:15.809548
57,Jose Mauricio Rosolen,"Universidade de São Paulo (USP). Faculdade de Filosofia, Ciências e Letras de Ribeirão Preto (FFCLRP)",Livre-Docente em Físico-Química; Associado III,"Físico-química de materiais; baterias de íons de lítio (Li) e sódio (Na), supercapacitores, filtros, reforço mecânico, tecidos de fibra de carbono, sensores; modificações de eletrodos para H2, novos designs de eletrodos para Li e Na, membranas de separação de CO2 e a produção eletroquímica de esfera",1.6666666666666665,BAIXA,0.0,BAIXA,0.0,BAIXA,0.0,BAIXA,0.41666666666666663,False,False,False,True,False,False,False,False,False,False,False,False,False,False,False,False,False,False,CLIENTE BAIXA PRIORIDADE,"Cliente baixa prioridade: pontuação média 0.4, poucas categorias relevantes",,FAPESP_Jose_Mauricio_Rosolen_20250907_130258.json,2025-09-23T14:20:25.812342
58,Bruno Spinosa de Martinis,"Universidade de São Paulo (USP), Faculdade de Filosofia, Ciências e Letras de Ribeirão Preto (FFCLRP)",Professor Associado 3,"Química Analítica Forense, desenvolvimento de métodos analíticos para drogas de abuso, toxicologia forense.",1.6666666666666665,BAIXA,0.0,BAIXA,0.0,BAIXA,0.0,BAIXA,0.41666666666666663,False,False,False,True,False,False,False,False,False,False,False,False,False,False,False,False,False,False,CLIENTE BAIXA PRIORIDADE,"Cliente baixa prioridade: pontuação média 0.4, poucas categorias relevantes",,FAPESP_Bruno_Spinosa_de_Martinis_20250907_130258.json,2025-09-23T14:19:35.789701
59,Germano Tremiliosi Filho,Universidade de São Paulo (USP). Instituto de Química de São Carlos (IQSC),Professor Titular,"Química, Físico-Química, Eletroquímica, Materiais; Eletrocatálise, ciência de superfície, ciência de materiais, corrosão; eletrooxidação de CO, metanol, etanol e glicerol; modificação de superfícies monocristalinas; geração de hidrogênio; células a combustível; corrosão; fotoeletrocatálise; biomater",1.6666666666666665,BAIXA,0.0,BAIXA,0.0,BAIXA,0.0,BAIXA,0.41666666666666663,False,False,False,True,False,False,False,False,False,False,False,False,False,False,False,False,False,False,CLIENTE BAIXA PRIORIDADE,"Cliente baixa prioridade: pontuação média 0.4, poucas categorias relevantes",,FAPESP_Germano_Tremiliosi_Filho_20250907_130258.json,2025-09-23T14:19:25.786340
60,Vitor Hugo Polisel Pacces,Universidade de São Paulo (USP). Instituto de Química de São Carlos (IQSC),Professor e Pesquisador,"Desenvolvimento de ferramentas computacionais para sistemas de gestão da qualidade e química; Sistemas de Gestão da Qualidade em laboratórios, com ênfase em temas como: Boas Práticas de Laboratório (BPL), ISO/IEC 17025, validação de metodologias analíticas, desenvolvimento de ferramentas para químic",1.6666666666666665,BAIXA,0.0,BAIXA,0.0,BAIXA,0.0,BAIXA,0.41666666666666663,False,False,False,True,False,False,False,False,False,False,False,False,False,False,False,False,False,False,CLIENTE BAIXA PRIORIDADE,"Cliente baixa prioridade: pontuação média 0.4, poucas categorias relevantes",,FAPESP_Vitor_Hugo_Polisel_Pacces_20250907_130258.json,2025-09-23T14:19:35.788773
61,Juliana Cancino Bernardi,"Universidade de São Paulo (USP). Faculdade de Filosofia, Ciências e Letras de Ribeirão Preto (FFCLRP)",Professora Doutora,"Aplicação de técnicas analíticas em Nanomedicina; desenvolvimento de nanopartículas teranósticas, sistemas de entrega de medicamento, sensores e biossensores eletroquímicos.",1.6666666666666665,BAIXA,0.0,BAIXA,0.0,BAIXA,0.0,BAIXA,0.41666666666666663,False,False,True,False,False,False,False,False,False,False,False,False,False,False,False,False,False,False,CLIENTE BAIXA PRIORIDADE,"Cliente baixa prioridade: pontuação média 0.4, poucas categorias relevantes",,FAPESP_Juliana_Cancino_Bernardi_20250907_130258.json,2025-09-23T14:18:45.767679
62,Roberto Gomes de Souza Berlinck,Universidade de São Paulo (USP). Instituto de Química de São Carlos (IQSC),Professor Titular,Química e biologia do metabolismo secundário de organismos vivos (invertebrados marinhos e micro-organismos); Descoberta de moléculas biológicas bioativas; Biossíntese e síntese de metabólitos secundários; Biotecnologia marinha e microbiana.,1.6666666666666665,BAIXA,0.0,BAIXA,0.0,BAIXA,0.0,BAIXA,0.41666666666666663,False,False,False,True,False,False,False,False,False,False,False,False,False,False,False,False,False,False,CLIENTE BAIXA PRIORIDADE,"Cliente baixa prioridade: pontuação média 0.4, poucas categorias relevantes",,FAPESP_Roberto_Gomes_de_Souza_Berlinck_20250907_130258.json,2025-09-23T14:19:25.786112
63,Rafael Martos Buoro,Universidade de São Paulo,Professor Doutor,Química Analítica; Sensores Eletroquímicos Biomiméticos; Biossensores Eletroquímicos; Sustentabilidade em Eletroanálise; Solventes Eutéticos Profundos Naturais,1.6666666666666665,BAIXA,0.0,BAIXA,0.0,BAIXA,0.0,BAIXA,0.41666666666666663,False,False,True,False,False,False,False,False,False,False,False,False,False,False,False,False,False,False,CLIENTE BAIXA PRIORIDADE,"Cliente baixa prioridade: pontuação média 0.4, poucas categorias relevantes",,FAPESP_Rafael_Martos_Buoro_20250907_130258.json,2025-09-23T14:20:15.810638
64,Annie Schmaltz Hsiou,,,,0.0,BAIXA,0.0,BAIXA,0.0,BAIXA,0.0,BAIXA,0.0,False,False,False,False,False,False,False,False,False,False,False,False,False,False,False,False,False,False,CLIENTE BAIXA PRIORIDADE,"Cliente baixa prioridade: pontuação média 0.0, poucas categorias relevantes",,FAPESP_Annie_Schmaltz_Hsiou_20250907_130258.json,2025-09-23T14:19:15.782547
65,Emerson Ricardo Pansarin,"Universidade de São Paulo (USP). Faculdade de Filosofia, Ciências e Letras de Ribeirão Preto (FFCLRP)",Professor,"Biologia Floral e Reprodutiva, Taxonomia Vegetal, Filogenia e Evolução, polinização, biologia floral e biologia reprodutiva de orquídeas (Vanilloideae e Epidendroideae), sistemática e evolução dos sistemas de polinização de Orchidaceae (Vanilloideae e Epidendroideae), inventário florístico de orquíd",0.0,BAIXA,0.0,BAIXA,0.0,BAIXA,0.0,BAIXA,0.0,False,False,False,False,False,False,False,False,False,False,False,False,False,False,False,False,False,False,CLIENTE BAIXA PRIORIDADE,"Cliente baixa prioridade: pontuação média 0.0, poucas categorias relevantes",,FAPESP_Emerson_Ricardo_Pansarin_20250907_130258.json,2025-09-23T14:19:15.781614
66,Eduardo Andrade Botelho de Almeida,"Universidade de São Paulo (USP). Faculdade de Filosofia, Ciências e Letras de Ribeirão Preto (FFCLRP)",Professor Associado,Taxonomia e sistemática de abelhas; Morfologia de insetos; Biogeografia histórica; Estudos filogenéticos utilizando dados moleculares e morfológicos.,0.0,BAIXA,0.0,BAIXA,0.0,BAIXA,0.0,BAIXA,0.0,False,False,False,False,False,False,False,False,False,False,False,False,False,False,False,False,False,False,CLIENTE BAIXA PRIORIDADE,"Cliente baixa prioridade: pontuação média 0.0, poucas categorias relevantes",,FAPESP_Eduardo_Andrade_Botelho_de_Almeida_20250907_130258.json,2025-09-23T14:19:15.781831
67,Laudemir Carlos Varanda,Universidade de São Paulo (USP). Instituto de Química de São Carlos (IQSC),Professor Associado (Livre-Docente),"Nanopartículas metálicas, dispersões coloidais, tamanho e forma de partículas, distribuição de tamanho, estabilidade de colóides, materiais magnéticos, propriedades magnéticas e estruturais, materiais magnéticos para biomedicina.",0.0,BAIXA,0.0,BAIXA,0.0,BAIXA,0.0,BAIXA,0.0,False,False,False,False,False,False,False,False,False,False,False,False,False,False,False,False,False,False,CLIENTE BAIXA PRIORIDADE,"Cliente baixa prioridade: pontuação média 0.0, poucas categorias relevantes",,FAPESP_Laudemir_Carlos_Varanda_20250907_130258.json,2025-09-23T14:19:05.779592
68,Wagner Ferreira dos Santos,"Universidade de São Paulo (USP). Faculdade de Filosofia, Ciências e Letras de Ribeirão Preto (FFCLRP)",Professor Associado,"Bioquímica, Neuroquímica e Neurofarmacologia, com foco em compostos neuroativos de venenos de aranhas e vespas sociais, sistemas glutamatérgico e GABAérgico; Conservação de primatas do gênero Alouatta.",0.0,BAIXA,0.0,BAIXA,0.0,BAIXA,0.0,BAIXA,0.0,False,False,False,False,False,False,False,False,False,False,False,False,False,False,False,False,False,False,CLIENTE BAIXA PRIORIDADE,"Cliente baixa prioridade: pontuação média 0.0, poucas categorias relevantes",,FAPESP_Wagner_Ferreira_dos_Santos_20250907_130258.json,2025-09-23T14:19:15.780524
69,Carlos Alberto Montanari,Universidade de São Paulo (USP). Instituto de Química de São Carlos (IQSC),Professor Titular,,0.0,BAIXA,0.0,BAIXA,0.0,BAIXA,0.0,BAIXA,0.0,False,False,False,False,False,False,False,False,False,False,False,False,False,False,False,False,False,False,CLIENTE BAIXA PRIORIDADE,"Cliente baixa prioridade: pontuação média 0.0, poucas categorias relevantes",,FAPESP_Carlos_Alberto_Montanari_20250907_130258.json,2025-09-23T14:18:55.773316
70,Carlos Alberto Garofalo,"Universidade de São Paulo (USP). Faculdade de Filosofia, Ciências e Letras de Ribeirão Preto (FFCLRP)",Professor Sênior,Abelhas e vespas solitárias; Estrutura de comunidades; Nidificação; Ninhos-armadilha; Comportamento animal.,0.0,BAIXA,0.0,BAIXA,0.0,BAIXA,0.0,BAIXA,0.0,False,False,False,False,False,False,False,False,False,False,False,False,False,False,False,False,True,True,CLIENTE INADEQUADO,Cliente inadequado: sem uso de proteínas recombinantes e área não correlata à biotecnologia,,FAPESP_Carlos_Alberto_Garofalo_20250907_130258.json,2025-09-23T14:18:35.762065
71,Paulo Olivi,"Universidade de São Paulo (USP). Faculdade de Filosofia, Ciências e Letras de Ribeirão Preto (FFCLRP)",Professor Titular,"Eletrocatálise, células a combustível, tratamento eletroquímico de efluentes e preparação de novos materiais eletrocatalíticos.",0.0,BAIXA,0.0,BAIXA,0.0,BAIXA,0.0,BAIXA,0.0,False,False,False,False,False,False,False,False,False,False,False,False,False,False,False,False,False,False,CLIENTE BAIXA PRIORIDADE,"Cliente baixa prioridade: pontuação média 0.0, poucas categorias relevantes",,FAPESP_Paulo_Olivi_20250907_130258.json,2025-09-23T14:18:45.765461
72,Juarez Lopes Ferreira da Silva,Universidade de São Paulo (USP). Instituto de Química de São Carlos (IQSC),Professor Associado,"Ciência Computacional de Materiais e Química; métodos de primeiros princípios (ab initio) com base na Teoria do Funcional da Densidade; estudo de superfícies metálicas, adsorção molecular, óxidos, semicondutores, clusters, nanopartículas; desenvolvimento de algoritmos para a otimização global da est",0.0,BAIXA,0.0,BAIXA,0.0,BAIXA,0.0,BAIXA,0.0,False,False,False,False,False,False,False,False,False,False,False,False,False,False,False,False,True,True,CLIENTE INADEQUADO,Cliente inadequado: sem uso de proteínas recombinantes e área não correlata à biotecnologia,,FAPESP_Juarez_Lopes_Ferreira_da_Silva_20250907_130258.json,2025-09-23T14:18:35.764152
73,José Carlos Toledo Junior,"Universidade de São Paulo (USP). Faculdade de Filosofia, Ciências e Letras de Ribeirão Preto (FFCLRP)",Professor Associado,"Química Inorgânica Biológica; investigação do ferro lábil celular (LIP), (metalo)enzimas e Química Biológica e Bioquímica de óxido nítrico (NO) e às espécies reativas de oxigênio e nitrogênio; papel antioxidante do LIP contra o peroxinitrito e suas implicações biológicas; identificação da natureza m",0.0,BAIXA,0.0,BAIXA,0.0,BAIXA,0.0,BAIXA,0.0,False,False,False,False,False,False,False,False,False,False,False,False,False,False,False,False,True,False,CLIENTE BAIXA PRIORIDADE,"Cliente baixa prioridade: pontuação média 0.0, poucas categorias relevantes",,FAPESP_José_Carlos_Toledo_Junior_20250907_130258.json,2025-09-23T14:18:45.766977
74,Tomas Ferreira Domingues,"Universidade de São Paulo (USP). Faculdade de Filosofia, Ciências e Letras de Ribeirão Preto (FFCLRP)",,"Ecologia, ecofisiologia vegetal; funcionamento de ecossistemas tropicais, produtividade primária e ciclos biogeoquímicos; controle exercido pela vegetação sobre os ciclos de carbono, nitrogênio e água.",0.0,BAIXA,0.0,BAIXA,0.0,BAIXA,0.0,BAIXA,0.0,False,False,False,False,False,False,False,False,False,False,False,False,False,False,False,False,False,False,CLIENTE BAIXA PRIORIDADE,"Cliente baixa prioridade: pontuação média 0.0, poucas categorias relevantes",,FAPESP_Tomas_Ferreira_Domingues_20250907_130258.json,2025-09-23T14:18:45.766668
75,Luiz Henrique Vieira,"Universidade de São Paulo (USP), Instituto de Química de São Carlos (IQSC)",Professor Doutor,"Ciência dos Materiais; Catálise Heterogênea; Desenvolvimento de catalisadores; Conversão de CH4, CO2 e CO; Adsorventes catalíticos inorgânicos; Captura e conversão de CO2.",0.0,BAIXA,0.0,BAIXA,0.0,BAIXA,0.0,BAIXA,0.0,False,False,False,False,False,False,False,False,False,False,False,False,False,False,False,False,False,False,CLIENTE BAIXA PRIORIDADE,"Cliente baixa prioridade: pontuação média 0.0, poucas categorias relevantes",,FAPESP_Luiz_Henrique_Vieira_20250907_130258.json,2025-09-23T14:18:45.767379
76,Fritz Cavalcante Huguenin,"Universidade de São Paulo (USP). Faculdade de Filosofia, Ciências e Letras de Ribeirão Preto (FFCLRP)",Livre-Docente,"Físico-Química, Eletroquímica, Máquinas Ácido-Base, Catalisadores para Baterias de Lítio-ar, Blue Energy.",0.0,BAIXA,0.0,BAIXA,0.0,BAIXA,0.0,BAIXA,0.0,False,False,False,False,False,False,False,False,False,False,False,False,False,False,False,False,False,False,CLIENTE BAIXA PRIORIDADE,"Cliente baixa prioridade: pontuação média 0.0, poucas categorias relevantes",,FAPESP_Fritz_Cavalcante_Huguenin_20250907_130258.json,2025-09-23T14:18:45.767999
77,Max Cardoso Langer,"Universidade de São Paulo, campus de Ribeirão Preto",Professor Titular,"Triássico, Dinosauria, Filogenia, Chelonii, Rhynchosauria, Crocodyliformes e Bioestratigrafia.",0.0,BAIXA,0.0,BAIXA,0.0,BAIXA,0.0,BAIXA,0.0,False,False,False,False,False,False,False,False,False,False,False,False,False,False,False,False,False,True,CLIENTE BAIXA PRIORIDADE,"Cliente baixa prioridade: pontuação média 0.0, poucas categorias relevantes",,FAPESP_Max_Cardoso_Langer_20250907_130258.json,2025-09-23T14:19:05.778941
78,Luiz Henrique Mazo,"Universidade de São Paulo (USP), Instituto de Química de São Carlos (IQSC-USP)",Professor Doutor,"Eletroanalítica; Desenvolvimento e automação de instrumentação analítica; Desenvolvimento de metodologias analíticas aplicadas a pesticidas, fármacos e outras substâncias de interesse biológico.",0.0,BAIXA,0.0,BAIXA,0.0,BAIXA,0.0,BAIXA,0.0,False,False,False,False,False,False,False,False,False,False,False,False,False,False,False,False,False,False,CLIENTE BAIXA PRIORIDADE,"Cliente baixa prioridade: pontuação média 0.0, poucas categorias relevantes",,FAPESP_Luiz_Henrique_Mazo_20250907_130258.json,2025-09-23T14:18:55.772957
79,Albérico Borges Ferreira da Silva,"Universidade de São Paulo (USP), Instituto de Química de São Carlos (IQSC)",Professor Titular,"Química Quântica, Química Medicinal.",0.0,BAIXA,0.0,BAIXA,0.0,BAIXA,0.0,BAIXA,0.0,False,False,False,False,False,False,False,False,False,False,False,False,False,False,False,False,False,False,CLIENTE BAIXA PRIORIDADE,"Cliente baixa prioridade: pontuação média 0.0, poucas categorias relevantes",,FAPESP_Albérico_Borges_Ferreira_da_Silva_20250907_130258.json,2025-09-23T14:18:55.772759
80,Benedito dos Santos Lima Neto,"Universidade de São Paulo (USP), Instituto de Química de São Carlos (IQSC)",Professor Doutor,"Química de coordenação, catálise homogênea, metátese de olefinas, polímeros híbridos, redes metalo-orgânicas (MOFs).",0.0,BAIXA,0.0,BAIXA,0.0,BAIXA,0.0,BAIXA,0.0,False,False,False,False,False,False,False,False,False,False,False,False,False,False,False,False,True,False,CLIENTE BAIXA PRIORIDADE,"Cliente baixa prioridade: pontuação média 0.0, poucas categorias relevantes",,FAPESP_Benedito_dos_Santos_Lima_Neto_20250907_130258.json,2025-09-23T14:18:55.772106
81,Resumo das Linhas de Pesquisa,,,,0.0,BAIXA,0.0,BAIXA,0.0,BAIXA,0.0,BAIXA,0.0,False,False,False,False,False,False,False,False,False,False,False,False,False,False,False,False,False,False,CLIENTE BAIXA PRIORIDADE,"Cliente baixa prioridade: pontuação média 0.0, poucas categorias relevantes",,FAPESP_Resumo_das_Linhas_de_Pesquisa_20250907_130258.json,2025-09-23T14:19:05.777732
82,Antonio Carlos Roveda Júnior,Universidade de São Paulo (USP). Instituto de Química de São Carlos (IQSC),Professor,"Química Inorgânica, com ênfase em ativação de pequenas moléculas; Química Inorgânica e Eletroquímica, com ênfase na reatividade de pequenas moléculas, como óxido nítrico (NO), oxigênio molecular (O2) e dióxido de carbono (CO2); Desenvolvimento de materiais à base de amido, focando na aplicação de fi",0.0,BAIXA,0.0,BAIXA,0.0,BAIXA,0.0,BAIXA,0.0,False,False,False,False,False,False,False,False,False,False,False,False,False,False,False,False,True,False,CLIENTE BAIXA PRIORIDADE,"Cliente baixa prioridade: pontuação média 0.0, poucas categorias relevantes",,FAPESP_Antonio_Carlos_Roveda_Júnior_20250907_130258.json,2025-09-23T14:18:55.773532
83,Fernanda de Lourdes Souza,Universidade de São Paulo (USP). Instituto de Química de São Carlos (IQSC),Pesquisadora,,0.0,BAIXA,0.0,BAIXA,0.0,BAIXA,0.0,BAIXA,0.0,False,False,False,False,False,False,False,False,False,False,False,False,False,False,False,False,False,False,CLIENTE BAIXA PRIORIDADE,"Cliente baixa prioridade: pontuação média 0.0, poucas categorias relevantes",,FAPESP_Fernanda_de_Lourdes_Souza_20250907_130258.json,2025-09-23T14:19:05.778012
84,Marcia Nitschke,Universidade de São Paulo (USP). Instituto de Química de São Carlos (IQSC),Professor Associado (MS 5),"Microbiologia Aplicada, produção de biotensoativos microbianos e sua aplicação na área de alimentos, farmacêutica e ambiental.",0.0,BAIXA,0.0,BAIXA,0.0,BAIXA,0.0,BAIXA,0.0,False,False,False,False,False,False,False,False,False,False,False,False,False,False,False,False,False,False,CLIENTE BAIXA PRIORIDADE,"Cliente baixa prioridade: pontuação média 0.0, poucas categorias relevantes",,FAPESP_Marcia_Nitschke_20250907_130258.json,2025-09-23T14:19:05.778409
85,Adriano Garcia Chiarello,"Universidade de São Paulo (USP), Faculdade de Filosofia, Ciências e Letras de Ribeirão Preto (FFCLRP)",,"Ecologia aplicada à conservação, particularmente envolvendo espécies de mamíferos Neotropicais.",0.0,BAIXA,0.0,BAIXA,0.0,BAIXA,0.0,BAIXA,0.0,False,False,False,False,False,False,False,False,False,False,False,False,False,False,False,False,False,True,CLIENTE BAIXA PRIORIDADE,"Cliente baixa prioridade: pontuação média 0.0, poucas categorias relevantes",,FAPESP_Adriano_Garcia_Chiarello_20250907_130258.json,2025-09-23T14:19:25.784622
86,Principais Técnicas Experimentais Utilizadas,,,,0.0,BAIXA,0.0,BAIXA,0.0,BAIXA,0.0,BAIXA,0.0,False,False,False,False,False,False,False,False,False,False,False,False,False,False,False,False,False,False,CLIENTE BAIXA PRIORIDADE,"Cliente baixa prioridade: pontuação média 0.0, poucas categorias relevantes",,FAPESP_Principais_Técnicas_Experimentais_Utilizadas_20250907_130258.json,2025-09-23T14:19:15.782916
87,Thereza Amélia Soares da Silva,,,,0.0,BAIXA,0.0,BAIXA,0.0,BAIXA,0.0,BAIXA,0.0,False,False,False,False,False,False,False,False,False,False,False,False,False,False,False,False,False,False,CLIENTE BAIXA PRIORIDADE,"Cliente baixa prioridade: pontuação média 0.0, poucas categorias relevantes",,FAPESP_Thereza_Amélia_Soares_da_Silva_20250907_130258.json,2025-09-23T14:19:15.782739
88,Felipe Bezerra Ribeiro,"Universidade de São Paulo (USP). Faculdade de Filosofia, Ciências e Letras de Ribeirão Preto (FFCLRP)",Docente,"Taxonomia Integrativa, Filogenia, Biogeografia, Genética e Conservação de crustáceos, com ênfase em lagostins de água doce e crustáceos parasitas (Isopoda); Biodiversidade (Biomas Pampa, Mata Atlântica e Pantanal)",0.0,BAIXA,0.0,BAIXA,0.0,BAIXA,0.0,BAIXA,0.0,False,False,False,False,False,False,False,False,False,False,False,False,False,False,False,False,True,True,CLIENTE INADEQUADO,Cliente inadequado: sem uso de proteínas recombinantes e área não correlata à biotecnologia,,FAPESP_Felipe_Bezerra_Ribeiro_20250907_130258.json,2025-09-23T14:19:55.793801
89,Paulo Roberto Vieira Alves,,,,0.0,BAIXA,0.0,BAIXA,0.0,BAIXA,0.0,BAIXA,0.0,False,False,False,False,False,False,False,False,False,False,False,False,False,False,False,False,False,False,CLIENTE BAIXA PRIORIDADE,"Cliente baixa prioridade: pontuação média 0.0, poucas categorias relevantes",,FAPESP_Paulo_Roberto_Vieira_Alves_20250907_130258.json,2025-09-23T14:19:45.792340
90,Wilfried Klein,"Universidade de São Paulo (USP). Faculdade de Filosofia, Ciências e Letras de Ribeirão Preto (FFCLRP)",Professor Associado,"Fisiologia e Morfologia, com ênfase em Fisiologia Comparada e Morfologia Funcional; Vertebrados, respiração, ecofisiologia.",0.0,BAIXA,0.0,BAIXA,0.0,BAIXA,0.0,BAIXA,0.0,False,False,False,False,False,False,False,False,False,False,False,False,False,False,False,False,False,False,CLIENTE BAIXA PRIORIDADE,"Cliente baixa prioridade: pontuação média 0.0, poucas categorias relevantes",,FAPESP_Wilfried_Klein_20250907_130258.json,2025-09-23T14:19:45.792538
91,Rodrigo Augusto Santinelo Pereira,"Universidade de São Paulo (USP). Faculdade de Filosofia, Ciências e Letras de Ribeirão Preto (FFCLRP)",Professor Associado,Ecologia; Interações inseto-planta; Ecologia e biologia reprodutiva de figueiras.,0.0,BAIXA,0.0,BAIXA,0.0,BAIXA,0.0,BAIXA,0.0,False,False,False,False,False,False,False,False,False,False,False,False,False,False,False,False,True,True,CLIENTE INADEQUADO,Cliente inadequado: sem uso de proteínas recombinantes e área não correlata à biotecnologia,,FAPESP_Rodrigo_Augusto_Santinelo_Pereira_20250907_130258.json,2025-09-23T14:19:55.793421
92,Carmen Lúcia Cardoso,,,,0.0,BAIXA,0.0,BAIXA,0.0,BAIXA,0.0,BAIXA,0.0,False,False,False,False,False,False,False,False,False,False,False,False,False,False,False,False,False,False,CLIENTE BAIXA PRIORIDADE,"Cliente baixa prioridade: pontuação média 0.0, poucas categorias relevantes",,FAPESP_Carmen_Lúcia_Cardoso_20250907_130258.json,2025-09-23T14:19:45.792713
93,Delia Rita Tapia Blácido,"Universidade de São Paulo (USP). Faculdade de Filosofia, Ciências e Letras de Ribeirão Preto (FFCLRP)",Professor Associado,"Engenharia, Ciência e Tecnologia de Alimentos, polímeros biodegradáveis e bioativos, bandejas, coberturas de Alimentos, reologia, aproveitamento de resíduos agroindustriais e técnicas de planejamento experimental.",0.0,BAIXA,0.0,BAIXA,0.0,BAIXA,0.0,BAIXA,0.0,False,False,False,False,False,False,False,False,False,False,False,False,False,False,False,False,False,False,CLIENTE BAIXA PRIORIDADE,"Cliente baixa prioridade: pontuação média 0.0, poucas categorias relevantes",,FAPESP_Delia_Rita_Tapia_Blácido_20250907_130258.json,2025-09-23T14:19:45.791210
94,José Maurício Almeida Caiut,"Universidade de São Paulo (USP). Faculdade de Filosofia, Ciências e Letras de Ribeirão Preto (FFCLRP)",Professor Associado,"Química Inorgânica; sol-gel, pirólise de aerossol, aluminatos, híbridos orgânicos-inorgânicos, íons terras raras, espectroscopia, nanomateriais e fotônica.",0.0,BAIXA,0.0,BAIXA,0.0,BAIXA,0.0,BAIXA,0.0,False,False,False,False,False,False,False,False,False,False,False,False,False,False,False,False,True,False,CLIENTE BAIXA PRIORIDADE,"Cliente baixa prioridade: pontuação média 0.0, poucas categorias relevantes",,FAPESP_José_Maurício_Almeida_Caiut_20250907_130258.json,2025-09-23T14:19:45.790984
95,Joelma Perez,Universidade de São Paulo (USP). Instituto de Química de São Carlos (IQSC),Docente,"Eletroquímica e Energias Renováveis; eletrocatálise e desenvolvimento de células a combustível; células a combustível de baixa e alta temperatura e às reações de oxidação de amônia, etanol e ureia, além da redução de nitrogênio e nitrato; produção sustentável de hidrogênio.",0.0,BAIXA,0.0,BAIXA,0.0,BAIXA,0.0,BAIXA,0.0,False,False,False,False,False,False,False,False,False,False,False,False,False,False,False,False,False,False,CLIENTE BAIXA PRIORIDADE,"Cliente baixa prioridade: pontuação média 0.0, poucas categorias relevantes",,FAPESP_Joelma_Perez_20250907_130258.json,2025-09-23T14:19:35.788966
96,Laura Tiemi Okano,,,,0.0,BAIXA,0.0,BAIXA,0.0,BAIXA,0.0,BAIXA,0.0,False,False,False,False,False,False,False,False,False,False,False,False,False,False,False,False,False,False,CLIENTE BAIXA PRIORIDADE,"Cliente baixa prioridade: pontuação média 0.0, poucas categorias relevantes",,FAPESP_Laura_Tiemi_Okano_20250907_130258.json,2025-09-23T14:19:35.789277
97,Modelos Biológicos ou Materiais (Pesquisa Multi-Pesquisadores),"Várias instituições, conforme a lista de pesquisadores.",,"Várias linhas de pesquisa, conforme a lista de pesquisadores.",0.0,BAIXA,0.0,BAIXA,0.0,BAIXA,0.0,BAIXA,0.0,False,False,False,False,False,False,False,False,False,False,False,False,False,False,False,False,False,False,CLIENTE BAIXA PRIORIDADE,"Cliente baixa prioridade: pontuação média 0.0, poucas categorias relevantes",,FAPESP_Modelos_Biológicos_ou_Materiais_Pesquisa_Multi-Pes_20250907_130258.json,2025-09-23T14:19:25.785122
98,Danilo Manzani,Universidade de São Paulo (USP). Instituto de Química de São Carlos (IQSC),Professor Associado,"Química de Materiais, Química Inorgânica, materiais inorgânicos, vítreos, vitrocerâmicos, cerâmicos e fibras ópticas, síntese de materiais inorgânicos e vítreos opticamente ativos, guias de onda, sensores ópticos e vidros especiais (não-sílica).",0.0,BAIXA,0.0,BAIXA,0.0,BAIXA,0.0,BAIXA,0.0,False,False,False,False,False,False,False,False,False,False,False,False,False,False,False,False,True,False,CLIENTE BAIXA PRIORIDADE,"Cliente baixa prioridade: pontuação média 0.0, poucas categorias relevantes",,FAPESP_Danilo_Manzani_20250907_130258.json,2025-09-23T14:19:25.785641
99,Celso Teixeira Mendes Junior,"Universidade de São Paulo (USP). Faculdade de Filosofia, Ciências e Letras de Ribeirão Preto (FFCLRP)",Professor Associado III,"identificação humana por DNA, ancestralidade genômica, pigmentação humana e fenotipagem forense por DNA.",0.0,BAIXA,0.0,BAIXA,0.0,BAIXA,0.0,BAIXA,0.0,False,False,False,False,False,False,False,False,False,False,False,False,False,False,False,False,False,False,CLIENTE BAIXA PRIORIDADE,"Cliente baixa prioridade: pontuação média 0.0, poucas categorias relevantes",,FAPESP_Celso_Teixeira_Mendes_Junior_20250907_130258.json,2025-09-23T14:19:45.791611
100,Danilo Boscolo,"Universidade de São Paulo, FFCL-RP USP",Professor,"Ecologia da Paisagem, Fragmentação de Habitats, Modelagem Ecológica, SIG, Biologia da Conservação, Polinização e interação entre plantas e visitantes florais.",0.0,BAIXA,0.0,BAIXA,0.0,BAIXA,0.0,BAIXA,0.0,False,False,False,False,False,False,False,False,False,False,False,False,False,False,False,False,False,False,CLIENTE BAIXA PRIORIDADE,"Cliente baixa prioridade: pontuação média 0.0, poucas categorias relevantes",,FAPESP_Danilo_Boscolo_20250907_130258.json,2025-09-23T14:19:45.791835
101,Carla Cristina Schmitt Cavalheiro,Universidade de São Paulo (USP). Instituto de Química de São Carlos (IQSC),Professora Associada MS 5.2,"Fluorescência resolvida no tempo, transferência de carga e energia, fotoquímica de chalconas e thioxantonas, sondas, nanopartículas; Sistemas de fotoiniciação de polimerização, cinética de fotopolimerização para diferentes aplicações (resinas para impressão 3D, resinas dentárias e nanocompósitos).",0.0,BAIXA,0.0,BAIXA,0.0,BAIXA,0.0,BAIXA,0.0,False,False,False,False,False,False,False,False,False,False,False,False,False,False,False,False,True,False,CLIENTE BAIXA PRIORIDADE,"Cliente baixa prioridade: pontuação média 0.0, poucas categorias relevantes",,FAPESP_Carla_Cristina_Schmitt_Cavalheiro_20250907_130258.json,2025-09-23T14:19:55.794457
102,Luis Gustavo Dias,"Universidade de São Paulo (USP), Faculdade de Filosofia, Ciências e Letras de Ribeirão Preto (FFCLRP)",Professor Doutor,"Físico-Química Computacional, Matéria Macia, Ciência dos Materiais.",0.0,BAIXA,0.0,BAIXA,0.0,BAIXA,0.0,BAIXA,0.0,False,False,False,False,False,False,False,False,False,False,False,False,False,False,False,False,True,False,CLIENTE BAIXA PRIORIDADE,"Cliente baixa prioridade: pontuação média 0.0, poucas categorias relevantes",,FAPESP_Luis_Gustavo_Dias_20250907_130258.json,2025-09-23T14:20:05.805789
103,Eduardo Bessa Azevedo,Universidade de São Paulo (USP). Instituto de Química de São Carlos (IQSC),Professor Doutor,"Engenharia Sanitária, Técnicas Avançadas de Tratamento de Águas, POAs, TiO2, corantes, ecotoxicidade, micro-ondas e Quimiometria.",0.0,BAIXA,0.0,BAIXA,0.0,BAIXA,0.0,BAIXA,0.0,False,False,False,False,False,False,False,False,False,False,False,False,False,False,False,False,True,False,CLIENTE BAIXA PRIORIDADE,"Cliente baixa prioridade: pontuação média 0.0, poucas categorias relevantes",,FAPESP_Eduardo_Bessa_Azevedo_20250907_130258.json,2025-09-23T14:20:05.806011
104,Grégoire Jean-François Demets,"Universidade de São Paulo (USP). Faculdade de Filosofia, Ciências e Letras de Ribeirão Preto (FFCLRP)",Professor Associado,"Química inorgânica, química supramolecular, materiais, tecnologias de nanofiltração e purificação de água, separação de gases, catalisadores supramoleculares, pontos quânticos e nanopartículas, materiais intercalados eletroativos, fotoconversão de energia, compostos de inclusão, química mineral.",0.0,BAIXA,0.0,BAIXA,0.0,BAIXA,0.0,BAIXA,0.0,False,False,False,False,False,False,False,False,False,False,False,False,False,False,False,False,True,False,CLIENTE BAIXA PRIORIDADE,"Cliente baixa prioridade: pontuação média 0.0, poucas categorias relevantes",,FAPESP_Grégoire_Jean-François_Demets_20250907_130258.json,2025-09-23T14:20:05.806415
105,Agnieszka Joanna Pawlicka Maule,"Universidade de São Paulo (USP), Instituto de Química de São Carlos (IQSC)",Professora,Materiais para dispositivos eletroquímicos e desenvolvimento de dispositivos eletrocrômicos; Hidrogéis superabsorventes e biodegradáveis para aplicação em agricultura.,0.0,BAIXA,0.0,BAIXA,0.0,BAIXA,0.0,BAIXA,0.0,False,False,False,False,False,False,False,False,False,False,False,False,False,False,False,False,True,False,CLIENTE BAIXA PRIORIDADE,"Cliente baixa prioridade: pontuação média 0.0, poucas categorias relevantes",,FAPESP_Agnieszka_Joanna_Pawlicka_Maule_20250907_130258.json,2025-09-23T14:19:55.795660
106,Osvaldo Antonio Serra,"Universidade de São Paulo (USP). Faculdade de Filosofia, Ciências e Letras de Ribeirão Preto (FFCLRP)",Professor Titular aposentado (Colaborador Sênior),"Terras raras, sol-gel, luminescência, nanocompósitos, catalisadores, porfirinas, bioinorgânica, recuperação de terras raras, MOFs.",0.0,BAIXA,0.0,BAIXA,0.0,BAIXA,0.0,BAIXA,0.0,False,False,False,False,False,False,False,False,False,False,False,False,False,False,False,False,True,False,CLIENTE BAIXA PRIORIDADE,"Cliente baixa prioridade: pontuação média 0.0, poucas categorias relevantes",,FAPESP_Osvaldo_Antonio_Serra_20250907_130258.json,2025-09-23T14:19:55.795212
107,Ubirajara Pereira Rodrigues Filho,Universidade de São Paulo (USP). Instituto de Química de São Carlos (IQSC),Professor Livre Docente,Processo Sol-gel; Materiais Híbridos Orgânico-Inorgânico e Filmes Multicamadas Híbridos; Filmes antimicrobianos; Materiais Odontológicos; CO2 como matéria prima para síntese de Materiais; Fotocromismo e fotocatálise; adesão e adesivos.,0.0,BAIXA,0.0,BAIXA,0.0,BAIXA,0.0,BAIXA,0.0,False,False,False,False,False,False,False,False,False,False,False,False,False,False,False,False,True,False,CLIENTE BAIXA PRIORIDADE,"Cliente baixa prioridade: pontuação média 0.0, poucas categorias relevantes",,FAPESP_Ubirajara_Pereira_Rodrigues_Filho_20250907_130258.json,2025-09-23T14:19:55.794731
108,Carlos Alberto Martinez y Huaman,"Universidade de São Paulo (USP). Faculdade de Filosofia, Ciências e Letras de Ribeirão Preto (FFCLRP)",Livre-Docente e Professor Associado MS-5 (3),"Ecofisiologia da fotossíntese e sequestro de carbono; Fisiologia das plantas sob estresse abiótico (estresse luminoso, hídrico, oxidativo, salino e térmico); Fisiologia das plantas em resposta às mudanças climáticas (efeitos do incremento do CO2, da temperatura e da restrição hídrica sobre a fisiolo",0.0,BAIXA,0.0,BAIXA,0.0,BAIXA,0.0,BAIXA,0.0,False,False,False,False,False,False,False,False,False,False,False,False,False,False,False,False,True,False,CLIENTE BAIXA PRIORIDADE,"Cliente baixa prioridade: pontuação média 0.0, poucas categorias relevantes",,FAPESP_Carlos_Alberto_Martinez_y_Huaman_20250907_130258.json,2025-09-23T14:20:05.804791
109,Herenilton Paulino Oliveira,"Universidade de São Paulo (USP). Faculdade de Filosofia, Ciências e Letras de Ribeirão Preto (FFCLRP)",Professor,"Compostos de Intercalação, pentóxido de vanádio, compostos de intercalação, composto híbrido - orgânico inorgânico, eletroquímica e processo sol-gel.",0.0,BAIXA,0.0,BAIXA,0.0,BAIXA,0.0,BAIXA,0.0,False,False,False,False,False,False,False,False,False,False,False,False,False,False,False,False,True,False,CLIENTE BAIXA PRIORIDADE,"Cliente baixa prioridade: pontuação média 0.0, poucas categorias relevantes",,FAPESP_Herenilton_Paulino_Oliveira_20250907_130258.json,2025-09-23T14:20:05.807408
110,Fernanda Mayara Nogueira,"Universidade de São Paulo (USP). Faculdade de Filosofia, Ciências e Letras de Ribeirão Preto (FFCLRP)",Professora Doutora,"Anatomia Vegetal, Morfologia de Estruturas Reprodutivas, Desenvolvimento Floral, Arquitetura de Inflorescências, Monocotiledôneas, Bioimagem, Tecnologias 3D, Microtomografia Computadorizada de Raios X (CT)",0.0,BAIXA,0.0,BAIXA,0.0,BAIXA,0.0,BAIXA,0.0,False,False,False,False,False,False,False,False,False,False,False,False,False,False,False,False,True,True,CLIENTE INADEQUADO,Cliente inadequado: sem uso de proteínas recombinantes e área não correlata à biotecnologia,,FAPESP_Fernanda_Mayara_Nogueira_20250907_130258.json,2025-09-23T14:20:15.810839
111,Flávio Alicino Bockmann,"Universidade de São Paulo (USP). Faculdade de Filosofia, Ciências e Letras de Ribeirão Preto (FFCLRP)",Livre Docente,"Filogenia e anatomia comparada de vertebrados viventes e fósseis; aspectos filosóficos, teóricos, históricos e políticos da ciência, especialmente da taxonomia e da sistemática filogenética.",0.0,BAIXA,0.0,BAIXA,0.0,BAIXA,0.0,BAIXA,0.0,False,False,False,False,False,False,False,False,False,False,False,False,False,False,False,False,True,True,CLIENTE INADEQUADO,Cliente inadequado: sem uso de proteínas recombinantes e área não correlata à biotecnologia,,FAPESP_Flávio_Alicino_Bockmann_20250907_130258.json,2025-09-23T14:20:15.809943
112,Dalton de Souza Amorim,"Universidade de São Paulo (USP). Faculdade de Filosofia, Ciências e Letras de Ribeirão Preto (FFCLRP)",Professor Titular,"filogenia, sistemática, biogeografia e evolução especialmente de Diptera, mas também de outros grupos taxonômicos.",0.0,BAIXA,0.0,BAIXA,0.0,BAIXA,0.0,BAIXA,0.0,False,False,False,False,False,False,False,False,False,False,False,False,False,False,False,False,True,True,CLIENTE INADEQUADO,Cliente inadequado: sem uso de proteínas recombinantes e área não correlata à biotecnologia,,FAPESP_Dalton_de_Souza_Amorim_20250907_130258.json,2025-09-23T14:20:15.810386
113,Roberto Luiz Andrade Haiduke,Universidade de São Paulo (USP). Instituto de Química de São Carlos (IQSC),Professor Associado,Química Teórica; Investigações sobre intensidades de infravermelho; Cargas atômicas; Teoria Quântica de Átomos em Moléculas; Descritores de topologia da densidade eletrônica; Tensores polares; Desenvolvimento de conjuntos de funções de base; Cálculos relativísticos de átomos e moléculas; Mecanismos ,0.0,BAIXA,0.0,BAIXA,0.0,BAIXA,0.0,BAIXA,0.0,False,False,False,False,False,False,False,False,False,False,False,False,False,False,False,False,True,False,CLIENTE BAIXA PRIORIDADE,"Cliente baixa prioridade: pontuação média 0.0, poucas categorias relevantes",,FAPESP_Roberto_Luiz_Andrade_Haiduke_20250907_130258.json,2025-09-23T14:20:25.811946
114,Objetivos Científicos,Várias instituições listadas na página.,,,0.0,BAIXA,0.0,BAIXA,0.0,BAIXA,0.0,BAIXA,0.0,False,False,False,False,False,False,False,False,False,False,False,False,False,False,False,False,True,True,CLIENTE INADEQUADO,Cliente inadequado: sem uso de proteínas recombinantes e área não correlata à biotecnologia,,FAPESP_Objetivos_Científicos_20250907_130258.json,2025-09-23T14:20:25.812699
115,Asdrubal Lozada Blanco,"Universidade Federal de São Carlos (UFSCAR), Centro de Ciências Exatas e de Tecnologia (CCET)",,"Computação Científica, Mecânica Estatística, Química Quântica.",0.0,BAIXA,0.0,BAIXA,0.0,BAIXA,0.0,BAIXA,0.0,False,False,False,False,False,False,False,False,False,False,False,False,False,False,False,False,True,False,CLIENTE BAIXA PRIORIDADE,"Cliente baixa prioridade: pontuação média 0.0, poucas categorias relevantes",,FAPESP_Asdrubal_Lozada_Blanco_20250907_130258.json,2025-09-23T14:20:25.812897
116,Fernando Luis Medina Mantelatto,"Universidade de São Paulo (USP). Faculdade de Filosofia, Ciências e Letras de Ribeirão Preto (FFCLRP)",Professor Titular,"Zoologia e Ecologia, com ênfase em Morfologia, Sistemática, Taxonomia dos Grupos Recentes, Taxonomia e sistemática filogenética molecular.",0.0,BAIXA,0.0,BAIXA,0.0,BAIXA,0.0,BAIXA,0.0,False,False,False,False,False,False,False,False,False,False,False,False,False,False,False,False,True,False,CLIENTE BAIXA PRIORIDADE,"Cliente baixa prioridade: pontuação média 0.0, poucas categorias relevantes",,FAPESP_Fernando_Luis_Medina_Mantelatto_20250907_130258.json,2025-09-23T14:20:25.813125
